Feature,Importance
Lag_7,0.30096662374779987
Rolling_Mean_7,0.24417383133757653
Rolling_STD_7,0.18863259864830334
Lag_1,0.10001761975809052
Lag_30,0.06407633186790172
Day,0.03748409737394095
DayOfWeek,0.03293513367671332
Month,0.021395352744769926
Quarter,0.00885562053766866
Year,0.0014627903072352015
